date,f1,f2,f3,f4,f5,f6,predict,actual,bias
2026-09-14,55.07,10.93,30.93,2.4,10.0,50.0,26.56,,
2026-09-15,54.4,7.6,28.67,2.4,9.09,50.0,25.36,,
2026-09-16,82.8,31.73,31.2,2.67,8.33,50.0,34.45,,
2026-09-17,82.4,44.93,30.0,3.73,7.69,50.0,36.46,,
2026-09-18,77.73,65.6,34.8,6.67,7.14,50.0,40.32,,
2026-09-21,81.2,62.67,38.4,7.47,6.67,50.0,41.07,,
2026-09-22,81.47,53.2,39.07,9.6,6.25,50.0,39.93,,
2026-09-23,83.33,27.47,36.0,12.53,5.88,50.0,35.87,,
2026-09-24,76.53,24.13,28.13,9.2,5.56,50.0,32.26,,
2026-09-25,76.53,24.13,28.13,9.2,5.56,50.0,32.26,,
2026-09-28,61.6,50.53,21.2,10.13,5.26,50.0,33.12,,
